godina;sifra_ureda;naziv_ureda;iznos_eur;broj_isplata;broj_primatelja;udio_posto
2024;009;GRADSKI URED ZA OBRAZOVANJE, SPORT I MLADE;425542500.08;31961;710;25.99
2024;008;GRADSKI URED ZA GOSPODARSTVO, EKOLOŠKU ODRŽIVOST I STRATEGIJSKO PLANIRANJE;363740606.54;7665;354;22.21
2024;012;GRADSKI URED ZA IZGRADNJU, PROSTORNO UREĐENJE, GRADITELJSTVO I OBNOVU;220704622.63;9231;512;13.48
2024;005;GRADSKI URED ZA MJESNU SAMOUPRAVU, PROMET, KOMUNALNE POSLOVE, CIVILNU ZAŠTITU I SIGURNOST;162132487.30;4833;456;9.90
2024;021;GRADSKI URED ZA SOCIJALNU ZAŠTITU,  ZDRAVSTVO, BRANITELJE I OSOBE S INVALIDITETOM;150632254.98;7295;392;9.20
2024;024;GRADSKI URED ZA KULTURU I CIVILNO DRUŠTVO;109670597.54;6459;691;6.70
2024;007;GRADSKI URED ZA FINANCIJE I JAVNU NABAVU;48725415.98;2342;101;2.98
2024;033;GRADSKI URED ZA DIGITALIZACIJU, NOVE TEHNOLOGIJE I TEHNIČKE POSLOVE;43154914.03;9351;227;2.64
2024;000;PRIHODI GRADA ZAGREBA;41194207.66;12;1;2.52
2024;013;GRADSKI URED ZA UPRAVLJANJE IMOVINOM I STANOVANJE;37112906.78;27233;163;2.27
2024;020;STRUČNA SLUŽBA GRADSKE UPRAVE;9403702.67;5204;83;0.57
2024;006;GRADSKI URED ZA OPĆU UPRAVU I IMOVINSKO-PRAVNE POSLOVE;9024156.33;410;22;0.55
2024;014;GRADSKI URED ZA KATASTAR I GEODETSKE POSLOVE;5171263.32;546;29;0.32
2024;018;STRUČNA SLUŽBA GRADSKE SKUPŠTINE;4345589.85;646;86;0.27
2024;001;URED GRADONAČELNIKA;3781770.65;577;105;0.23
2024;017;GRADSKI URED ZA KULTURNU BAŠTINU I PRIRODU;1890268.87;221;20;0.12
2024;003;GRADSKI URED ZA UNUTARNJU REVIZIJU I KONTROLU;1198111.95;151;21;0.07
2025;009;GRADSKI URED ZA OBRAZOVANJE, SPORT I MLADE;519984627.33;33765;713;28.32
2025;008;GRADSKI URED ZA GOSPODARSTVO, EKOLOŠKU ODRŽIVOST I STRATEGIJSKO PLANIRANJE;315049051.70;5440;539;17.16
2025;012;GRADSKI URED ZA IZGRADNJU, PROSTORNO UREĐENJE, GRADITELJSTVO I OBNOVU;287796098.51;10585;555;15.68
2025;005;GRADSKI URED ZA MJESNU SAMOUPRAVU, PROMET, KOMUNALNE POSLOVE, CIVILNU ZAŠTITU I SIGURNOST;179989721.04;4764;439;9.80
2025;021;GRADSKI URED ZA SOCIJALNU ZAŠTITU,  ZDRAVSTVO, BRANITELJE I OSOBE S INVALIDITETOM;162795534.33;7692;440;8.87
2025;024;GRADSKI URED ZA KULTURU I CIVILNO DRUŠTVO;131009243.40;6674;747;7.14
2025;007;GRADSKI URED ZA FINANCIJE I JAVNU NABAVU;62485781.53;2425;104;3.40
2025;000;PRIHODI GRADA ZAGREBA;60414947.53;12;1;3.29
2025;013;GRADSKI URED ZA UPRAVLJANJE IMOVINOM I STANOVANJE;38789391.29;22124;165;2.11
2025;033;GRADSKI URED ZA DIGITALIZACIJU, NOVE TEHNOLOGIJE I TEHNIČKE POSLOVE;38100938.47;9070;285;2.08
2025;020;STRUČNA SLUŽBA GRADSKE UPRAVE;10351579.56;4258;78;0.56
2025;006;GRADSKI URED ZA OPĆU UPRAVU I IMOVINSKO-PRAVNE POSLOVE;9983911.51;496;27;0.54
2025;018;STRUČNA SLUŽBA GRADSKE SKUPŠTINE;6651325.79;672;91;0.36
2025;014;GRADSKI URED ZA KATASTAR I GEODETSKE POSLOVE;5155150.83;592;30;0.28
2025;001;URED GRADONAČELNIKA;3828469.51;628;89;0.21
2025;017;GRADSKI URED ZA KULTURNU BAŠTINU I PRIRODU;2074535.11;193;20;0.11
2025;003;GRADSKI URED ZA UNUTARNJU REVIZIJU I KONTROLU;1355397.86;164;21;0.07
2026;009;GRADSKI URED ZA OBRAZOVANJE, SPORT I MLADE;338131270.54;19293;569;27.11
2026;008;GRADSKI URED ZA GOSPODARSTVO, EKOLOŠKU ODRŽIVOST I STRATEGIJSKO PLANIRANJE;216000984.65;3182;306;17.32
2026;005;GRADSKI URED ZA MJESNU SAMOUPRAVU, PROMET, KOMUNALNE POSLOVE, CIVILNU ZAŠTITU I SIGURNOST;188307690.16;6495;537;15.10
2026;012;GRADSKI URED ZA IZGRADNJU, PROSTORNO UREĐENJE, GRADITELJSTVO I OBNOVU;146457030.85;1971;342;11.74
2026;021;GRADSKI URED ZA SOCIJALNU ZAŠTITU,  ZDRAVSTVO, BRANITELJE I OSOBE S INVALIDITETOM;107359687.62;3762;170;8.61
2026;024;GRADSKI URED ZA KULTURU I CIVILNO DRUŠTVO;94538624.46;3793;659;7.58
2026;007;GRADSKI URED ZA FINANCIJE I JAVNU NABAVU;52418738.20;1134;91;4.20
2026;000;PRIHODI GRADA ZAGREBA;36542406.35;6;1;2.93
2026;033;GRADSKI URED ZA DIGITALIZACIJU, NOVE TEHNOLOGIJE I TEHNIČKE POSLOVE;25681227.23;5072;213;2.06
2026;013;GRADSKI URED ZA UPRAVLJANJE IMOVINOM I STANOVANJE;15354608.73;19014;127;1.23
2026;020;STRUČNA SLUŽBA GRADSKE UPRAVE;6587591.08;1360;47;0.53
2026;006;GRADSKI URED ZA OPĆU UPRAVU I IMOVINSKO-PRAVNE POSLOVE;6484331.48;340;24;0.52
2026;001;URED GRADONAČELNIKA;4692563.79;591;82;0.38
2026;014;GRADSKI URED ZA KATASTAR I GEODETSKE POSLOVE;3484415.18;332;23;0.28
2026;017;GRADSKI URED ZA KULTURNU BAŠTINU I PRIRODU;2403002.25;117;14;0.19
2026;018;STRUČNA SLUŽBA GRADSKE SKUPŠTINE;1884109.97;275;49;0.15
2026;003;GRADSKI URED ZA UNUTARNJU REVIZIJU I KONTROLU;923302.45;90;14;0.07
sve;009;GRADSKI URED ZA OBRAZOVANJE, SPORT I MLADE;1283658397.95;85019;886;27.19
sve;008;GRADSKI URED ZA GOSPODARSTVO, EKOLOŠKU ODRŽIVOST I STRATEGIJSKO PLANIRANJE;894790642.89;16287;751;18.96
sve;012;GRADSKI URED ZA IZGRADNJU, PROSTORNO UREĐENJE, GRADITELJSTVO I OBNOVU;654957751.99;21787;765;13.87
sve;005;GRADSKI URED ZA MJESNU SAMOUPRAVU, PROMET, KOMUNALNE POSLOVE, CIVILNU ZAŠTITU I SIGURNOST;530429898.50;16092;984;11.24
sve;021;GRADSKI URED ZA SOCIJALNU ZAŠTITU,  ZDRAVSTVO, BRANITELJE I OSOBE S INVALIDITETOM;420787476.93;18749;553;8.91
sve;024;GRADSKI URED ZA KULTURU I CIVILNO DRUŠTVO;335218465.40;16926;922;7.10
sve;007;GRADSKI URED ZA FINANCIJE I JAVNU NABAVU;163629935.71;5901;147;3.47
sve;000;PRIHODI GRADA ZAGREBA;138151561.54;30;1;2.93
sve;033;GRADSKI URED ZA DIGITALIZACIJU, NOVE TEHNOLOGIJE I TEHNIČKE POSLOVE;106937079.73;23493;383;2.27
sve;013;GRADSKI URED ZA UPRAVLJANJE IMOVINOM I STANOVANJE;91256906.80;68371;257;1.93
sve;020;STRUČNA SLUŽBA GRADSKE UPRAVE;26342873.31;10822;118;0.56
sve;006;GRADSKI URED ZA OPĆU UPRAVU I IMOVINSKO-PRAVNE POSLOVE;25492399.32;1246;40;0.54
sve;014;GRADSKI URED ZA KATASTAR I GEODETSKE POSLOVE;13810829.33;1470;39;0.29
sve;018;STRUČNA SLUŽBA GRADSKE SKUPŠTINE;12881025.61;1593;133;0.27
sve;001;URED GRADONAČELNIKA;12302803.95;1796;170;0.26
sve;017;GRADSKI URED ZA KULTURNU BAŠTINU I PRIRODU;6367806.23;531;33;0.13
sve;003;GRADSKI URED ZA UNUTARNJU REVIZIJU I KONTROLU;3476812.26;405;31;0.07
