godina;sifra_programa;naziv_programa;sifra_ekonomske;naziv_ekonomske;plan_eur;isplaceno_eur;razlika_eur;omjer_posto
2025;A011808A180803;VODOOPSKRBA I ODVODNJA;3512;Subvencije trgovačkim društvima u javnom sektoru;1000000.00;14000000.00;13000000.00;1400.0
2025;A012205A220503;ODRŽAVANJE JAVNIH POVRŠINA;3232;Usluge tekućeg i investicijskog održavanja;20793000.00;33110833.28;12317833.28;159.2
2025;A011213K121301;NABAVA STANOVA, POSLOVNIH PROSTORA I ZEMLJIŠTA;4212;Poslovni objekti;2500000.00;13198001.00;10698001.00;527.9
2025;A012205A220502;ČIŠĆENJE JAVNIH POVRŠINA;3232;Usluge tekućeg i investicijskog održavanja;20315000.00;25273634.79;4958634.79;124.4
2025;A022124A212401;REDOVNA DJELATNOST PRORAČUNSKIH KORISNIKA;3111;Plaće za redovan rad;56389600.00;60201111.66;3811511.66;106.8
2025;A011209A120907;VJERSKI I PRIVATNI VRTIĆI I DRUGE POMOĆI;3811;Tekuće donacije u novcu;17015000.00;20583986.71;3568986.71;121.0
2025;A011908A190801;ZAGREBAČKI ELEKTRIČNI TRAMVAJ;3512;Subvencije trgovačkim društvima u javnom sektoru;151312000.00;154499563.08;3187563.08;102.1
2025;A023109A310908;POMOĆNICI U NASTAVI;3111;Plaće za redovan rad;6825000.00;9609243.12;2784243.12;140.8
2025;A011112A111201;REDOVNA DJELATNOST UPRAVNIH TIJELA;3239;Ostale usluge;5802000.00;8060666.04;2258666.04;138.9
2025;A011112A111201;REDOVNA DJELATNOST UPRAVNIH TIJELA;3111;Plaće za redovan rad;18573000.00;20726167.51;2153167.51;111.6
2025;A011221A122101;DODATAK UZ MIROVINU, DRUGE POMOĆI I USLUGE;3721;Naknade građanima i kućanstvima u novcu;17367700.00;19256865.61;1889165.61;110.9
2025;A022119A211901;REDOVNA DJELATNOST PRORAČUNSKIH KORISNIKA;3111;Plaće za redovan rad;11928800.00;13728800.00;1800000.00;115.1
2025;A011812K181201;SANACIJA KLIZIŠTA;4214;Ostali građevinski objekti;5000000.00;6699049.48;1699049.48;134.0
2025;A023109A310901;REDOVNA DJELATNOST PRORAČUNSKIH KORISNIKA;3239;Ostale usluge;754000.00;2240235.26;1486235.26;297.1
2025;A011210A121017;PODMIRENJE DUGOVANJA ZDRAVSTVENIH USTANOVA;3299;Ostali nespomenuti rashodi poslovanja;2500000.00;3700000.00;1200000.00;148.0
2025;A011321A132103;PRIJEVOZ OSOBA S INVALIDITETOM;3861;Kapitalne pomoći kreditnim i ostalim financijskim institucijama te trgovačkim društvima u javnom sektoru;1820000.00;2939120.00;1119120.00;161.5
2025;A011133A113301;REDOVNA DJELATNOST UPRAVNIH TIJELA;3111;Plaće za redovan rad;7620000.00;8542026.40;922026.40;112.1
2025;A011210A121010;RAZVOJ DJELATNOSTI ZDRAVSTVENE ZAŠTITE;3235;Zakupnine i najamnine;2543400.00;3400634.93;857234.93;133.7
2025;A022109A210901;REDOVNA DJELATNOST PRORAČUNSKIH KORISNIKA;3132;Doprinosi za obvezno zdravstveno osiguranje;24366990.00;25217378.40;850388.40;103.5
2025;A011209A120907;VJERSKI I PRIVATNI VRTIĆI I DRUGE POMOĆI;3523;Subvencije poljoprivrednicima i obrtnicima;1749000.00;2444293.60;695293.60;139.8
2025;A011220A122002;ULAGANJA U RAČUNALNE PROGRAME;3235;Zakupnine i najamnine;1200000.00;1894870.47;694870.47;157.9
2025;A011112A111201;REDOVNA DJELATNOST UPRAVNIH TIJELA;3831;Naknade šteta pravnim i fizičkim osobama;1000000.00;1617345.94;617345.94;161.7
2025;A023109K310901;ODRŽAVANJE I OPREMANJE OSNOVNIH ŠKOLA;3232;Usluge tekućeg i investicijskog održavanja;8528900.00;9138925.27;610025.27;107.2
2025;A011612K161202;JAVNE POVRŠINE;4251;Višegodišnji nasadi;1500000.00;2103397.24;603397.24;140.2
2025;A022109A210901;REDOVNA DJELATNOST PRORAČUNSKIH KORISNIKA;3234;Komunalne usluge;1805300.00;2361132.42;555832.42;130.8
2025;A011106A110601;REDOVNA DJELATNOST UPRAVNIH TIJELA;3235;Zakupnine i najamnine;165000.00;669453.53;504453.53;405.7
2025;A011421A142105;SOCIJALNE USTANOVE;3235;Zakupnine i najamnine;1000000.00;1496605.92;496605.92;149.7
2025;A022124A212401;REDOVNA DJELATNOST PRORAČUNSKIH KORISNIKA;3132;Doprinosi za obvezno zdravstveno osiguranje;9271900.00;9765988.69;494088.69;105.3
2025;A023109A310908;POMOĆNICI U NASTAVI;3132;Doprinosi za obvezno zdravstveno osiguranje;1126000.00;1584027.62;458027.62;140.7
2025;A011120A112001;REDOVNA DJELATNOST UPRAVNIH TIJELA;3111;Plaće za redovan rad;4444000.00;4893108.79;449108.79;110.1
2026;A011105A110501;REDOVNA DJELATNOST UPRAVNIH TIJELA;3111;Plaće za redovan rad;7178200.00;11994845.72;4816645.72;167.1
2026;A011421K142101;KAPITALNA ULAGANJA U SOCIJALNE USTANOVE;3239;Ostale usluge;2050000.00;4229598.75;2179598.75;206.3
2026;A011209K120902;ODRŽAVANJE I OPREMANJE OSNOVNIH ŠKOLA;3239;Ostale usluge;358700.00;2251952.47;1893252.47;627.8
2026;A011608K160801;CENTAR ZA GOSPODARENJE OTPADOM;3234;Komunalne usluge;10000.00;1248271.50;1238271.50;12482.7
2026;A011220A122002;ULAGANJA U RAČUNALNE PROGRAME;3235;Zakupnine i najamnine;1300000.00;2507326.15;1207326.15;192.9
2026;A011105A110501;REDOVNA DJELATNOST UPRAVNIH TIJELA;3239;Ostale usluge;75000.00;866361.99;791361.99;1155.1
2026;A011105A110501;REDOVNA DJELATNOST UPRAVNIH TIJELA;3132;Doprinosi za obvezno zdravstveno osiguranje;1185000.00;1898864.63;713864.63;160.2
2026;A011124A112401;REDOVNA DJELATNOST UPRAVNIH TIJELA;4212;Poslovni objekti;500000.00;1200000.00;700000.00;240.0
2026;A023109A310908;POMOĆNICI U NASTAVI;3111;Plaće za redovan rad;6680700.00;7365871.06;685171.06;110.3
2026;A011105A110501;REDOVNA DJELATNOST UPRAVNIH TIJELA;3121;Ostali rashodi za zaposlene;334500.00;776677.53;442177.53;232.2
2026;A022125A212501;REDOVNA DJELATNOST PRORAČUNSKIH KORISNIKA;4227;Uređaji, strojevi i oprema za ostale namjene;150000.00;558250.00;408250.00;372.2
2026;A011105A110501;REDOVNA DJELATNOST UPRAVNIH TIJELA;3238;Računalne usluge;1000.00;348166.18;347166.18;34816.6
2026;A011106A110601;REDOVNA DJELATNOST UPRAVNIH TIJELA;3235;Zakupnine i najamnine;165000.00;487326.28;322326.28;295.3
2026;A022125A212501;REDOVNA DJELATNOST PRORAČUNSKIH KORISNIKA;4226;Sportska i glazbena oprema;150000.00;466666.69;316666.69;311.1
2026;A011608A160803;BOKSOVI ZA SMJEŠTAJ SPREMNIKA ZA KOMUNALNI OTPAD;3722;Naknade građanima i kućanstvima u naravi;300000.00;586848.40;286848.40;195.6
2026;A011209K120901;ODRŽAVANJE I OPREMANJE USTANOVA SREDNJEG ŠKOLSTVA I UČENIČKIH DOMOVA;3239;Ostale usluge;203200.00;473898.20;270698.20;233.2
2026;A011908A190801;ZAGREBAČKI ELEKTRIČNI TRAMVAJ;5321;Dionice i udjeli u glavnici trgovačkih društava u javnom sektoru;8271000.00;8500000.00;229000.00;102.8
2026;A011208A120805;REGIONALNA ENERGETSKA AGENCIJA SJEVEROZAPADNE HRVATSKE;3811;Tekuće donacije u novcu;1000000.00;1200000.00;200000.00;120.0
2026;A011212K121212;GORNJA POSTAJA STARE ŽIČARE;4212;Poslovni objekti;500000.00;673926.89;173926.89;134.8
2026;A012108A210801;POMOĆI ZA SLUČAJ PRIRODNIH NEPOGODA NA PODRUČJU GRADA ZAGREBA;3831;Naknade šteta pravnim i fizičkim osobama;150000.00;315579.65;165579.65;210.4
2026;A023109A310901;REDOVNA DJELATNOST PRORAČUNSKIH KORISNIKA;3291;Naknade za rad predstavničkih i izvršnih tijela, povjerenstava i slično;402900.00;532604.78;129704.78;132.2
2026;A023109A310908;POMOĆNICI U NASTAVI;3132;Doprinosi za obvezno zdravstveno osiguranje;1101500.00;1217759.20;116259.20;110.6
2026;A011109A110901;REDOVNA DJELATNOST UPRAVNIH TIJELA;3235;Zakupnine i najamnine;367100.00;479951.74;112851.74;130.7
2026;A012208T220808;FLORAART;3512;Subvencije trgovačkim društvima u javnom sektoru;250000.00;350000.00;100000.00;140.0
2026;A011101A110101;REDOVNA DJELATNOST UPRAVNIH TIJELA;3111;Plaće za redovan rad;2715000.00;2809976.89;94976.89;103.5
2026;A012908T290806;CoFarm4Cities;3239;Ostale usluge;25000.00;116074.34;91074.34;464.3
2026;A011212K121205;SPORTSKI OBJEKTI;4511;Dodatna ulaganja na građevinskim objektima;11220000.00;11306630.42;86630.42;100.8
2026;A011105A110501;REDOVNA DJELATNOST UPRAVNIH TIJELA;3299;Ostali nespomenuti rashodi poslovanja;100000.00;180422.90;80422.90;180.4
2026;A011105A110501;REDOVNA DJELATNOST UPRAVNIH TIJELA;3235;Zakupnine i najamnine;70000.00;140814.24;70814.24;201.2
2026;A011105A110501;REDOVNA DJELATNOST UPRAVNIH TIJELA;3831;Naknade šteta pravnim i fizičkim osobama;500000.00;570220.29;70220.29;114.0
